id,sku,department,category,brand,name,variant,description,tags,icon,color,price,old_price,is_promo,stock,rating,reviews,image_filename,image_prompt
1,PS-001,obuwie,Buty do biegania,Nike,Air Zoom Pegasus 41,Czerń/Biel,Air Zoom Pegasus 41 — realistyczny produkt demonstracyjny dla sklepu ProSport. Pozycja przygotowana do modułu rekomendacyjnego AI.,"bieganie,amortyzacja,trening",shoe,#2D6CDF,499,,false,18,4.8,420,product_001.png,"Photorealistic e-commerce product photo of Nike Air Zoom Pegasus 41 (Czerń/Biel), category Buty do biegania. Single product only, centered on pure white seamless background, soft studio lighting, subtle realistic shadow, premium sports retail catalog style, high detail, no person, no packaging unless the product itself is packaging, no watermark, no extra text overlay. Save as product_001.png."
2,PS-002,obuwie,Buty do biegania,Adidas,Adizero SL,Biel/Czerwień,Adizero SL — realistyczny produkt demonstracyjny dla sklepu ProSport. Pozycja przygotowana do modułu rekomendacyjnego AI.,"bieganie,lekkość,start",shoe,#2D6CDF,449,539,true,15,4.7,310,product_002.png,"Photorealistic e-commerce product photo of Adidas Adizero SL (Biel/Czerwień), category Buty do biegania. Single product only, centered on pure white seamless background, soft studio lighting, subtle realistic shadow, premium sports retail catalog style, high detail, no person, no packaging unless the product itself is packaging, no watermark, no extra text overlay. Save as product_002.png."
3,PS-003,obuwie,Buty treningowe,Under Armour,TriBase Reign 6,Grafit/Limonka,TriBase Reign 6 — realistyczny produkt demonstracyjny dla sklepu ProSport. Pozycja przygotowana do modułu rekomendacyjnego AI.,"trening,siłownia,stabilizacja",shoe,#2D6CDF,399,,false,12,4.6,205,product_003.png,"Photorealistic e-commerce product photo of Under Armour TriBase Reign 6 (Grafit/Limonka), category Buty treningowe. Single product only, centered on pure white seamless background, soft studio lighting, subtle realistic shadow, premium sports retail catalog style, high detail, no person, no packaging unless the product itself is packaging, no watermark, no extra text overlay. Save as product_003.png."
4,PS-004,obuwie,Buty do biegania,Asics,Gel-Nimbus 26,Granat,Gel-Nimbus 26 — realistyczny produkt demonstracyjny dla sklepu ProSport. Pozycja przygotowana do modułu rekomendacyjnego AI.,"bieganie,komfort,amortyzacja",shoe,#2D6CDF,699,,false,9,4.9,270,product_004.png,"Photorealistic e-commerce product photo of Asics Gel-Nimbus 26 (Granat), category Buty do biegania. Single product only, centered on pure white seamless background, soft studio lighting, subtle realistic shadow, premium sports retail catalog style, high detail, no person, no packaging unless the product itself is packaging, no watermark, no extra text overlay. Save as product_004.png."
5,PS-005,obuwie,Buty trailowe,Salomon,Speedcross 6,Czerń,Speedcross 6 — realistyczny produkt demonstracyjny dla sklepu ProSport. Pozycja przygotowana do modułu rekomendacyjnego AI.,"trail,góry,przyczepność",shoe,#2D6CDF,599,689,true,11,4.8,335,product_005.png,"Photorealistic e-commerce product photo of Salomon Speedcross 6 (Czerń), category Buty trailowe. Single product only, centered on pure white seamless background, soft studio lighting, subtle realistic shadow, premium sports retail catalog style, high detail, no person, no packaging unless the product itself is packaging, no watermark, no extra text overlay. Save as product_005.png."
6,PS-006,obuwie,Sneakersy,New Balance,574 Core,Szary,574 Core — realistyczny produkt demonstracyjny dla sklepu ProSport. Pozycja przygotowana do modułu rekomendacyjnego AI.,"lifestyle,sneakers,na co dzień",shoe,#2D6CDF,379,,false,21,4.7,510,product_006.png,"Photorealistic e-commerce product photo of New Balance 574 Core (Szary), category Sneakersy. Single product only, centered on pure white seamless background, soft studio lighting, subtle realistic shadow, premium sports retail catalog style, high detail, no person, no packaging unless the product itself is packaging, no watermark, no extra text overlay. Save as product_006.png."
7,PS-007,obuwie,Korki piłkarskie,Adidas,Predator Elite FG,Biel/Czerwień,Predator Elite FG — realistyczny produkt demonstracyjny dla sklepu ProSport. Pozycja przygotowana do modułu rekomendacyjnego AI.,"piłka nożna,korki,boisko",shoe,#2D6CDF,799,,false,8,4.8,188,product_007.png,"Photorealistic e-commerce product photo of Adidas Predator Elite FG (Biel/Czerwień), category Korki piłkarskie. Single product only, centered on pure white seamless background, soft studio lighting, subtle realistic shadow, premium sports retail catalog style, high detail, no person, no packaging unless the product itself is packaging, no watermark, no extra text overlay. Save as product_007.png."
8,PS-008,obuwie,Korki piłkarskie,Nike,Mercurial Vapor 16 FG,Volt,Mercurial Vapor 16 FG — realistyczny produkt demonstracyjny dla sklepu ProSport. Pozycja przygotowana do modułu rekomendacyjnego AI.,"piłka nożna,szybkość,korki",shoe,#2D6CDF,849,,false,7,4.7,222,product_008.png,"Photorealistic e-commerce product photo of Nike Mercurial Vapor 16 FG (Volt), category Korki piłkarskie. Single product only, centered on pure white seamless background, soft studio lighting, subtle realistic shadow, premium sports retail catalog style, high detail, no person, no packaging unless the product itself is packaging, no watermark, no extra text overlay. Save as product_008.png."
9,PS-009,obuwie,Buty treningowe,Reebok,Nano X4,Czerń,Nano X4 — realistyczny produkt demonstracyjny dla sklepu ProSport. Pozycja przygotowana do modułu rekomendacyjnego AI.,"crossfit,trening,stabilizacja",shoe,#2D6CDF,499,,false,10,4.6,170,product_009.png,"Photorealistic e-commerce product photo of Reebok Nano X4 (Czerń), category Buty treningowe. Single product only, centered on pure white seamless background, soft studio lighting, subtle realistic shadow, premium sports retail catalog style, high detail, no person, no packaging unless the product itself is packaging, no watermark, no extra text overlay. Save as product_009.png."
10,PS-010,obuwie,Buty do koszykówki,Under Armour,Curry 11,Royal Blue,Curry 11 — realistyczny produkt demonstracyjny dla sklepu ProSport. Pozycja przygotowana do modułu rekomendacyjnego AI.,"koszykówka,hala,przyczepność",shoe,#2D6CDF,649,,false,6,4.8,142,product_010.png,"Photorealistic e-commerce product photo of Under Armour Curry 11 (Royal Blue), category Buty do koszykówki. Single product only, centered on pure white seamless background, soft studio lighting, subtle realistic shadow, premium sports retail catalog style, high detail, no person, no packaging unless the product itself is packaging, no watermark, no extra text overlay. Save as product_010.png."
11,PS-011,obuwie,Buty do biegania,Hoka,Clifton 9,Turkus,Clifton 9 — realistyczny produkt demonstracyjny dla sklepu ProSport. Pozycja przygotowana do modułu rekomendacyjnego AI.,"bieganie,amortyzacja,komfort",shoe,#2D6CDF,649,,false,13,4.9,285,product_011.png,"Photorealistic e-commerce product photo of Hoka Clifton 9 (Turkus), category Buty do biegania. Single product only, centered on pure white seamless background, soft studio lighting, subtle realistic shadow, premium sports retail catalog style, high detail, no person, no packaging unless the product itself is packaging, no watermark, no extra text overlay. Save as product_011.png."
12,PS-012,obuwie,Buty trailowe,Hoka,Speedgoat 5,Oliwka,Speedgoat 5 — realistyczny produkt demonstracyjny dla sklepu ProSport. Pozycja przygotowana do modułu rekomendacyjnego AI.,"trail,off-road,góry",shoe,#2D6CDF,699,,false,6,4.8,190,product_012.png,"Photorealistic e-commerce product photo of Hoka Speedgoat 5 (Oliwka), category Buty trailowe. Single product only, centered on pure white seamless background, soft studio lighting, subtle realistic shadow, premium sports retail catalog style, high detail, no person, no packaging unless the product itself is packaging, no watermark, no extra text overlay. Save as product_012.png."
13,PS-013,obuwie,Sneakersy,Puma,Suede Classic,Czerń/Biel,Suede Classic — realistyczny produkt demonstracyjny dla sklepu ProSport. Pozycja przygotowana do modułu rekomendacyjnego AI.,"lifestyle,sneakers,klasyka",shoe,#2D6CDF,319,409,true,20,4.6,450,product_013.png,"Photorealistic e-commerce product photo of Puma Suede Classic (Czerń/Biel), category Sneakersy. Single product only, centered on pure white seamless background, soft studio lighting, subtle realistic shadow, premium sports retail catalog style, high detail, no person, no packaging unless the product itself is packaging, no watermark, no extra text overlay. Save as product_013.png."
14,PS-014,obuwie,Buty do biegania,Brooks,Ghost 16,Grafit,Ghost 16 — realistyczny produkt demonstracyjny dla sklepu ProSport. Pozycja przygotowana do modułu rekomendacyjnego AI.,"bieganie,trening,komfort",shoe,#2D6CDF,529,,false,14,4.8,330,product_014.png,"Photorealistic e-commerce product photo of Brooks Ghost 16 (Grafit), category Buty do biegania. Single product only, centered on pure white seamless background, soft studio lighting, subtle realistic shadow, premium sports retail catalog style, high detail, no person, no packaging unless the product itself is packaging, no watermark, no extra text overlay. Save as product_014.png."
15,PS-015,obuwie,Buty treningowe,Nike,Metcon 9,Czerń,Metcon 9 — realistyczny produkt demonstracyjny dla sklepu ProSport. Pozycja przygotowana do modułu rekomendacyjnego AI.,"trening,siłownia,crossfit",shoe,#2D6CDF,599,,false,12,4.7,260,product_015.png,"Photorealistic e-commerce product photo of Nike Metcon 9 (Czerń), category Buty treningowe. Single product only, centered on pure white seamless background, soft studio lighting, subtle realistic shadow, premium sports retail catalog style, high detail, no person, no packaging unless the product itself is packaging, no watermark, no extra text overlay. Save as product_015.png."
16,PS-016,obuwie,Buty do koszykówki,Nike,LeBron XXI,Czerwony,LeBron XXI — realistyczny produkt demonstracyjny dla sklepu ProSport. Pozycja przygotowana do modułu rekomendacyjnego AI.,"koszykówka,hala,wsparcie kostki",shoe,#2D6CDF,749,,false,5,4.7,98,product_016.png,"Photorealistic e-commerce product photo of Nike LeBron XXI (Czerwony), category Buty do koszykówki. Single product only, centered on pure white seamless background, soft studio lighting, subtle realistic shadow, premium sports retail catalog style, high detail, no person, no packaging unless the product itself is packaging, no watermark, no extra text overlay. Save as product_016.png."
17,PS-017,obuwie,Korki piłkarskie,Puma,Future 7 FG,Fiolet,Future 7 FG — realistyczny produkt demonstracyjny dla sklepu ProSport. Pozycja przygotowana do modułu rekomendacyjnego AI.,"piłka nożna,korki,kontrola",shoe,#2D6CDF,599,,false,9,4.6,150,product_017.png,"Photorealistic e-commerce product photo of Puma Future 7 FG (Fiolet), category Korki piłkarskie. Single product only, centered on pure white seamless background, soft studio lighting, subtle realistic shadow, premium sports retail catalog style, high detail, no person, no packaging unless the product itself is packaging, no watermark, no extra text overlay. Save as product_017.png."
18,PS-018,obuwie,Buty do biegania,Saucony,Endorphin Speed 4,Biel/Limonka,Endorphin Speed 4 — realistyczny produkt demonstracyjny dla sklepu ProSport. Pozycja przygotowana do modułu rekomendacyjnego AI.,"bieganie,start,szybkość",shoe,#2D6CDF,749,,false,7,4.9,210,product_018.png,"Photorealistic e-commerce product photo of Saucony Endorphin Speed 4 (Biel/Limonka), category Buty do biegania. Single product only, centered on pure white seamless background, soft studio lighting, subtle realistic shadow, premium sports retail catalog style, high detail, no person, no packaging unless the product itself is packaging, no watermark, no extra text overlay. Save as product_018.png."
19,PS-019,obuwie,Buty do biegania,Mizuno,Wave Rider 27,Granat/Biel,Wave Rider 27 — realistyczny produkt demonstracyjny dla sklepu ProSport. Pozycja przygotowana do modułu rekomendacyjnego AI.,"bieganie,stabilność,trening",shoe,#2D6CDF,499,,false,16,4.7,175,product_019.png,"Photorealistic e-commerce product photo of Mizuno Wave Rider 27 (Granat/Biel), category Buty do biegania. Single product only, centered on pure white seamless background, soft studio lighting, subtle realistic shadow, premium sports retail catalog style, high detail, no person, no packaging unless the product itself is packaging, no watermark, no extra text overlay. Save as product_019.png."
20,PS-020,obuwie,Buty trailowe,Asics,Trabuco Max 3,Pomarańcz,Trabuco Max 3 — realistyczny produkt demonstracyjny dla sklepu ProSport. Pozycja przygotowana do modułu rekomendacyjnego AI.,"trail,góry,amortyzacja",shoe,#2D6CDF,629,,false,8,4.6,115,product_020.png,"Photorealistic e-commerce product photo of Asics Trabuco Max 3 (Pomarańcz), category Buty trailowe. Single product only, centered on pure white seamless background, soft studio lighting, subtle realistic shadow, premium sports retail catalog style, high detail, no person, no packaging unless the product itself is packaging, no watermark, no extra text overlay. Save as product_020.png."
21,PS-021,obuwie,Sneakersy,Adidas,Samba OG,Biel/Czerń,Samba OG — realistyczny produkt demonstracyjny dla sklepu ProSport. Pozycja przygotowana do modułu rekomendacyjnego AI.,"lifestyle,sneakers,klasyka",shoe,#2D6CDF,449,,false,18,4.8,690,product_021.png,"Photorealistic e-commerce product photo of Adidas Samba OG (Biel/Czerń), category Sneakersy. Single product only, centered on pure white seamless background, soft studio lighting, subtle realistic shadow, premium sports retail catalog style, high detail, no person, no packaging unless the product itself is packaging, no watermark, no extra text overlay. Save as product_021.png."
22,PS-022,obuwie,Buty treningowe,Puma,Fuse 3.0,Szary,Fuse 3.0 — realistyczny produkt demonstracyjny dla sklepu ProSport. Pozycja przygotowana do modułu rekomendacyjnego AI.,"trening,fitness,stabilizacja",shoe,#2D6CDF,349,439,true,12,4.5,89,product_022.png,"Photorealistic e-commerce product photo of Puma Fuse 3.0 (Szary), category Buty treningowe. Single product only, centered on pure white seamless background, soft studio lighting, subtle realistic shadow, premium sports retail catalog style, high detail, no person, no packaging unless the product itself is packaging, no watermark, no extra text overlay. Save as product_022.png."
23,PS-023,obuwie,Buty do biegania,New Balance,Fresh Foam 1080v13,Błękit,Fresh Foam 1080v13 — realistyczny produkt demonstracyjny dla sklepu ProSport. Pozycja przygotowana do modułu rekomendacyjnego AI.,"bieganie,komfort,długie dystanse",shoe,#2D6CDF,699,,false,10,4.9,240,product_023.png,"Photorealistic e-commerce product photo of New Balance Fresh Foam 1080v13 (Błękit), category Buty do biegania. Single product only, centered on pure white seamless background, soft studio lighting, subtle realistic shadow, premium sports retail catalog style, high detail, no person, no packaging unless the product itself is packaging, no watermark, no extra text overlay. Save as product_023.png."
24,PS-024,obuwie,Korki piłkarskie,Mizuno,Morelia Neo IV,Czerń/Złoto,Morelia Neo IV — realistyczny produkt demonstracyjny dla sklepu ProSport. Pozycja przygotowana do modułu rekomendacyjnego AI.,"piłka nożna,skóra,premium",shoe,#2D6CDF,899,,false,4,4.9,75,product_024.png,"Photorealistic e-commerce product photo of Mizuno Morelia Neo IV (Czerń/Złoto), category Korki piłkarskie. Single product only, centered on pure white seamless background, soft studio lighting, subtle realistic shadow, premium sports retail catalog style, high detail, no person, no packaging unless the product itself is packaging, no watermark, no extra text overlay. Save as product_024.png."
25,PS-025,obuwie,Buty do koszykówki,Adidas,Harden Vol. 8,Czerń/Czerwień,Harden Vol. 8 — realistyczny produkt demonstracyjny dla sklepu ProSport. Pozycja przygotowana do modułu rekomendacyjnego AI.,"koszykówka,hala,amortyzacja",shoe,#2D6CDF,699,,false,7,4.7,121,product_025.png,"Photorealistic e-commerce product photo of Adidas Harden Vol. 8 (Czerń/Czerwień), category Buty do koszykówki. Single product only, centered on pure white seamless background, soft studio lighting, subtle realistic shadow, premium sports retail catalog style, high detail, no person, no packaging unless the product itself is packaging, no watermark, no extra text overlay. Save as product_025.png."
26,PS-026,odziez,Koszulki treningowe,Nike,Dri-FIT Miler,Royal Blue,Dri-FIT Miler — realistyczny produkt demonstracyjny dla sklepu ProSport. Pozycja przygotowana do modułu rekomendacyjnego AI.,"koszulka,trening,oddychająca",shirt,#E8590C,149,,false,25,4.7,210,product_026.png,"Photorealistic e-commerce product photo of Nike Dri-FIT Miler (Royal Blue), category Koszulki treningowe. Single product only, centered on pure white seamless background, soft studio lighting, subtle realistic shadow, premium sports retail catalog style, high detail, no person, no packaging unless the product itself is packaging, no watermark, no extra text overlay. Save as product_026.png."
27,PS-027,odziez,Spodenki sportowe,Adidas,Run It Shorts,Czerń,Run It Shorts — realistyczny produkt demonstracyjny dla sklepu ProSport. Pozycja przygotowana do modułu rekomendacyjnego AI.,"spodenki,bieganie,lekkie",shirt,#E8590C,129,179,true,30,4.6,190,product_027.png,"Photorealistic e-commerce product photo of Adidas Run It Shorts (Czerń), category Spodenki sportowe. Single product only, centered on pure white seamless background, soft studio lighting, subtle realistic shadow, premium sports retail catalog style, high detail, no person, no packaging unless the product itself is packaging, no watermark, no extra text overlay. Save as product_027.png."
28,PS-028,odziez,Bluzy i hoody,Nike,Sportswear Club Hoodie,Szary melanż,Sportswear Club Hoodie — realistyczny produkt demonstracyjny dla sklepu ProSport. Pozycja przygotowana do modułu rekomendacyjnego AI.,"bluza,hoodie,rozgrzewka",shirt,#E8590C,279,,false,14,4.8,340,product_028.png,"Photorealistic e-commerce product photo of Nike Sportswear Club Hoodie (Szary melanż), category Bluzy i hoody. Single product only, centered on pure white seamless background, soft studio lighting, subtle realistic shadow, premium sports retail catalog style, high detail, no person, no packaging unless the product itself is packaging, no watermark, no extra text overlay. Save as product_028.png."
29,PS-029,odziez,Koszulki treningowe,Under Armour,Tech 2.0 Tee,Czerń,Tech 2.0 Tee — realistyczny produkt demonstracyjny dla sklepu ProSport. Pozycja przygotowana do modułu rekomendacyjnego AI.,"koszulka,trening,quick-dry",shirt,#E8590C,119,,false,28,4.6,230,product_029.png,"Photorealistic e-commerce product photo of Under Armour Tech 2.0 Tee (Czerń), category Koszulki treningowe. Single product only, centered on pure white seamless background, soft studio lighting, subtle realistic shadow, premium sports retail catalog style, high detail, no person, no packaging unless the product itself is packaging, no watermark, no extra text overlay. Save as product_029.png."
30,PS-030,odziez,Legginsy i getry,Adidas,Optime Training Tights,Czerń,Optime Training Tights — realistyczny produkt demonstracyjny dla sklepu ProSport. Pozycja przygotowana do modułu rekomendacyjnego AI.,"legginsy,joga,trening",shirt,#E8590C,199,,false,16,4.7,140,product_030.png,"Photorealistic e-commerce product photo of Adidas Optime Training Tights (Czerń), category Legginsy i getry. Single product only, centered on pure white seamless background, soft studio lighting, subtle realistic shadow, premium sports retail catalog style, high detail, no person, no packaging unless the product itself is packaging, no watermark, no extra text overlay. Save as product_030.png."
31,PS-031,odziez,Kurtki sportowe,The North Face,Quest Jacket,Granat,Quest Jacket — realistyczny produkt demonstracyjny dla sklepu ProSport. Pozycja przygotowana do modułu rekomendacyjnego AI.,"kurtka,wiatrówka,outdoor",shirt,#E8590C,449,,false,9,4.8,160,product_031.png,"Photorealistic e-commerce product photo of The North Face Quest Jacket (Granat), category Kurtki sportowe. Single product only, centered on pure white seamless background, soft studio lighting, subtle realistic shadow, premium sports retail catalog style, high detail, no person, no packaging unless the product itself is packaging, no watermark, no extra text overlay. Save as product_031.png."
32,PS-032,odziez,Spodenki sportowe,Nike,Dri-FIT Stride 7,Grafit,Dri-FIT Stride 7 — realistyczny produkt demonstracyjny dla sklepu ProSport. Pozycja przygotowana do modułu rekomendacyjnego AI.,"spodenki,bieganie,trening",shirt,#E8590C,179,,false,20,4.7,125,product_032.png,"Photorealistic e-commerce product photo of Nike Dri-FIT Stride 7 (Grafit), category Spodenki sportowe. Single product only, centered on pure white seamless background, soft studio lighting, subtle realistic shadow, premium sports retail catalog style, high detail, no person, no packaging unless the product itself is packaging, no watermark, no extra text overlay. Save as product_032.png."
33,PS-033,odziez,Koszulki treningowe,Adidas,Aeroready Designed 2 Move,Biel,Aeroready Designed 2 Move — realistyczny produkt demonstracyjny dla sklepu ProSport. Pozycja przygotowana do modułu rekomendacyjnego AI.,"koszulka,fitness,oddychająca",shirt,#E8590C,99,149,true,31,4.5,180,product_033.png,"Photorealistic e-commerce product photo of Adidas Aeroready Designed 2 Move (Biel), category Koszulki treningowe. Single product only, centered on pure white seamless background, soft studio lighting, subtle realistic shadow, premium sports retail catalog style, high detail, no person, no packaging unless the product itself is packaging, no watermark, no extra text overlay. Save as product_033.png."
34,PS-034,odziez,Bluzy i hoody,Adidas,Essentials Fleece Hoodie,Czerń,Essentials Fleece Hoodie — realistyczny produkt demonstracyjny dla sklepu ProSport. Pozycja przygotowana do modułu rekomendacyjnego AI.,"bluza,hoodie,codzienne",shirt,#E8590C,249,,false,18,4.7,280,product_034.png,"Photorealistic e-commerce product photo of Adidas Essentials Fleece Hoodie (Czerń), category Bluzy i hoody. Single product only, centered on pure white seamless background, soft studio lighting, subtle realistic shadow, premium sports retail catalog style, high detail, no person, no packaging unless the product itself is packaging, no watermark, no extra text overlay. Save as product_034.png."
35,PS-035,odziez,Skarpety i bielizna termo,Nike,Everyday Cushioned 3-pak,Biel,Everyday Cushioned 3-pak — realistyczny produkt demonstracyjny dla sklepu ProSport. Pozycja przygotowana do modułu rekomendacyjnego AI.,"skarpety,trening,komfort",shirt,#E8590C,59,,false,40,4.6,520,product_035.png,"Photorealistic e-commerce product photo of Nike Everyday Cushioned 3-pak (Biel), category Skarpety i bielizna termo. Single product only, centered on pure white seamless background, soft studio lighting, subtle realistic shadow, premium sports retail catalog style, high detail, no person, no packaging unless the product itself is packaging, no watermark, no extra text overlay. Save as product_035.png."
36,PS-036,odziez,Kurtki sportowe,Columbia,Watertight II Jacket,Oliwka,Watertight II Jacket — realistyczny produkt demonstracyjny dla sklepu ProSport. Pozycja przygotowana do modułu rekomendacyjnego AI.,"kurtka,deszcz,outdoor",shirt,#E8590C,399,,false,11,4.7,130,product_036.png,"Photorealistic e-commerce product photo of Columbia Watertight II Jacket (Oliwka), category Kurtki sportowe. Single product only, centered on pure white seamless background, soft studio lighting, subtle realistic shadow, premium sports retail catalog style, high detail, no person, no packaging unless the product itself is packaging, no watermark, no extra text overlay. Save as product_036.png."
37,PS-037,odziez,Legginsy i getry,Nike,Pro 365 Tight,Granat,Pro 365 Tight — realistyczny produkt demonstracyjny dla sklepu ProSport. Pozycja przygotowana do modułu rekomendacyjnego AI.,"legginsy,kompresja,trening",shirt,#E8590C,189,,false,15,4.8,155,product_037.png,"Photorealistic e-commerce product photo of Nike Pro 365 Tight (Granat), category Legginsy i getry. Single product only, centered on pure white seamless background, soft studio lighting, subtle realistic shadow, premium sports retail catalog style, high detail, no person, no packaging unless the product itself is packaging, no watermark, no extra text overlay. Save as product_037.png."
38,PS-038,odziez,Koszulki treningowe,Puma,teamLIGA Jersey,Czerwony,teamLIGA Jersey — realistyczny produkt demonstracyjny dla sklepu ProSport. Pozycja przygotowana do modułu rekomendacyjnego AI.,"koszulka,piłka,trening",shirt,#E8590C,89,,false,22,4.4,95,product_038.png,"Photorealistic e-commerce product photo of Puma teamLIGA Jersey (Czerwony), category Koszulki treningowe. Single product only, centered on pure white seamless background, soft studio lighting, subtle realistic shadow, premium sports retail catalog style, high detail, no person, no packaging unless the product itself is packaging, no watermark, no extra text overlay. Save as product_038.png."
39,PS-039,odziez,Spodenki sportowe,Under Armour,Launch 5 Shorts,Limonka,Launch 5 Shorts — realistyczny produkt demonstracyjny dla sklepu ProSport. Pozycja przygotowana do modułu rekomendacyjnego AI.,"spodenki,bieganie,lekkie",shirt,#E8590C,149,,false,17,4.6,102,product_039.png,"Photorealistic e-commerce product photo of Under Armour Launch 5 Shorts (Limonka), category Spodenki sportowe. Single product only, centered on pure white seamless background, soft studio lighting, subtle realistic shadow, premium sports retail catalog style, high detail, no person, no packaging unless the product itself is packaging, no watermark, no extra text overlay. Save as product_039.png."
40,PS-040,odziez,Bluzy i hoody,Champion,Powerblend Hoodie,Bordo,Powerblend Hoodie — realistyczny produkt demonstracyjny dla sklepu ProSport. Pozycja przygotowana do modułu rekomendacyjnego AI.,"bluza,hoodie,lifestyle",shirt,#E8590C,229,,false,12,4.6,210,product_040.png,"Photorealistic e-commerce product photo of Champion Powerblend Hoodie (Bordo), category Bluzy i hoody. Single product only, centered on pure white seamless background, soft studio lighting, subtle realistic shadow, premium sports retail catalog style, high detail, no person, no packaging unless the product itself is packaging, no watermark, no extra text overlay. Save as product_040.png."
41,PS-041,odziez,Kurtki sportowe,4F,Kurtka Softshell,Grafit,Kurtka Softshell — realistyczny produkt demonstracyjny dla sklepu ProSport. Pozycja przygotowana do modułu rekomendacyjnego AI.,"kurtka,softshell,outdoor",shirt,#E8590C,299,349,true,13,4.5,88,product_041.png,"Photorealistic e-commerce product photo of 4F Kurtka Softshell (Grafit), category Kurtki sportowe. Single product only, centered on pure white seamless background, soft studio lighting, subtle realistic shadow, premium sports retail catalog style, high detail, no person, no packaging unless the product itself is packaging, no watermark, no extra text overlay. Save as product_041.png."
42,PS-042,odziez,Koszulki treningowe,Asics,Core Top,Turkus,Core Top — realistyczny produkt demonstracyjny dla sklepu ProSport. Pozycja przygotowana do modułu rekomendacyjnego AI.,"koszulka,bieganie,lekka",shirt,#E8590C,109,,false,18,4.5,73,product_042.png,"Photorealistic e-commerce product photo of Asics Core Top (Turkus), category Koszulki treningowe. Single product only, centered on pure white seamless background, soft studio lighting, subtle realistic shadow, premium sports retail catalog style, high detail, no person, no packaging unless the product itself is packaging, no watermark, no extra text overlay. Save as product_042.png."
43,PS-043,odziez,Skarpety i bielizna termo,Brubeck,Active Wool Base Layer,Czerń,Active Wool Base Layer — realistyczny produkt demonstracyjny dla sklepu ProSport. Pozycja przygotowana do modułu rekomendacyjnego AI.,"termoaktywne,wełna,outdoor",shirt,#E8590C,189,,false,9,4.8,99,product_043.png,"Photorealistic e-commerce product photo of Brubeck Active Wool Base Layer (Czerń), category Skarpety i bielizna termo. Single product only, centered on pure white seamless background, soft studio lighting, subtle realistic shadow, premium sports retail catalog style, high detail, no person, no packaging unless the product itself is packaging, no watermark, no extra text overlay. Save as product_043.png."
44,PS-044,odziez,Legginsy i getry,Under Armour,Meridian Tights,Fiolet,Meridian Tights — realistyczny produkt demonstracyjny dla sklepu ProSport. Pozycja przygotowana do modułu rekomendacyjnego AI.,"legginsy,joga,komfort",shirt,#E8590C,249,,false,8,4.7,86,product_044.png,"Photorealistic e-commerce product photo of Under Armour Meridian Tights (Fiolet), category Legginsy i getry. Single product only, centered on pure white seamless background, soft studio lighting, subtle realistic shadow, premium sports retail catalog style, high detail, no person, no packaging unless the product itself is packaging, no watermark, no extra text overlay. Save as product_044.png."
45,PS-045,odziez,Bluzy i hoody,Puma,ESS Logo Hoodie,Granat,ESS Logo Hoodie — realistyczny produkt demonstracyjny dla sklepu ProSport. Pozycja przygotowana do modułu rekomendacyjnego AI.,"bluza,hoodie,lifestyle",shirt,#E8590C,199,,false,19,4.5,150,product_045.png,"Photorealistic e-commerce product photo of Puma ESS Logo Hoodie (Granat), category Bluzy i hoody. Single product only, centered on pure white seamless background, soft studio lighting, subtle realistic shadow, premium sports retail catalog style, high detail, no person, no packaging unless the product itself is packaging, no watermark, no extra text overlay. Save as product_045.png."
46,PS-046,odziez,Spodenki sportowe,New Balance,Accelerate 5 Shorts,Błękit,Accelerate 5 Shorts — realistyczny produkt demonstracyjny dla sklepu ProSport. Pozycja przygotowana do modułu rekomendacyjnego AI.,"spodenki,bieganie,trening",shirt,#E8590C,129,,false,20,4.5,64,product_046.png,"Photorealistic e-commerce product photo of New Balance Accelerate 5 Shorts (Błękit), category Spodenki sportowe. Single product only, centered on pure white seamless background, soft studio lighting, subtle realistic shadow, premium sports retail catalog style, high detail, no person, no packaging unless the product itself is packaging, no watermark, no extra text overlay. Save as product_046.png."
47,PS-047,odziez,Kurtki sportowe,Adidas,Terrex Multi Jacket,Pomarańcz,Terrex Multi Jacket — realistyczny produkt demonstracyjny dla sklepu ProSport. Pozycja przygotowana do modułu rekomendacyjnego AI.,"kurtka,outdoor,trekking",shirt,#E8590C,499,,false,6,4.7,71,product_047.png,"Photorealistic e-commerce product photo of Adidas Terrex Multi Jacket (Pomarańcz), category Kurtki sportowe. Single product only, centered on pure white seamless background, soft studio lighting, subtle realistic shadow, premium sports retail catalog style, high detail, no person, no packaging unless the product itself is packaging, no watermark, no extra text overlay. Save as product_047.png."
48,PS-048,odziez,Koszulki treningowe,4F,Funkcyjna Quick-Dry,Szary,Funkcyjna Quick-Dry — realistyczny produkt demonstracyjny dla sklepu ProSport. Pozycja przygotowana do modułu rekomendacyjnego AI.,"koszulka,fitness,quick-dry",shirt,#E8590C,79,129,true,35,4.4,112,product_048.png,"Photorealistic e-commerce product photo of 4F Funkcyjna Quick-Dry (Szary), category Koszulki treningowe. Single product only, centered on pure white seamless background, soft studio lighting, subtle realistic shadow, premium sports retail catalog style, high detail, no person, no packaging unless the product itself is packaging, no watermark, no extra text overlay. Save as product_048.png."
49,PS-049,odziez,Skarpety i bielizna termo,Stance,Run Crew Socks,Mix kolorów,Run Crew Socks — realistyczny produkt demonstracyjny dla sklepu ProSport. Pozycja przygotowana do modułu rekomendacyjnego AI.,"skarpety,bieganie,komfort",shirt,#E8590C,79,,false,24,4.6,132,product_049.png,"Photorealistic e-commerce product photo of Stance Run Crew Socks (Mix kolorów), category Skarpety i bielizna termo. Single product only, centered on pure white seamless background, soft studio lighting, subtle realistic shadow, premium sports retail catalog style, high detail, no person, no packaging unless the product itself is packaging, no watermark, no extra text overlay. Save as product_049.png."
50,PS-050,odziez,Legginsy i getry,Puma,Studio Foundation Tight,Koral,Studio Foundation Tight — realistyczny produkt demonstracyjny dla sklepu ProSport. Pozycja przygotowana do modułu rekomendacyjnego AI.,"legginsy,joga,fitness",shirt,#E8590C,169,,false,12,4.5,65,product_050.png,"Photorealistic e-commerce product photo of Puma Studio Foundation Tight (Koral), category Legginsy i getry. Single product only, centered on pure white seamless background, soft studio lighting, subtle realistic shadow, premium sports retail catalog style, high detail, no person, no packaging unless the product itself is packaging, no watermark, no extra text overlay. Save as product_050.png."
51,PS-051,silownia,Hantle,York Fitness,Hantla Hex,10 kg,Hantla Hex — realistyczny produkt demonstracyjny dla sklepu ProSport. Pozycja przygotowana do modułu rekomendacyjnego AI.,"hantle,siła,trening",dumbbell,#0CA678,169,,false,18,4.8,160,product_051.png,"Photorealistic e-commerce product photo of York Fitness Hantla Hex (10 kg), category Hantle. Single product only, centered on pure white seamless background, soft studio lighting, subtle realistic shadow, premium sports retail catalog style, high detail, no person, no packaging unless the product itself is packaging, no watermark, no extra text overlay. Save as product_051.png."
52,PS-052,silownia,Maty i akcesoria fitness,Domyos,Mata do Jogi,8 mm Granat,Mata do Jogi — realistyczny produkt demonstracyjny dla sklepu ProSport. Pozycja przygotowana do modułu rekomendacyjnego AI.,"mata,joga,fitness",mat,#0CA678,89,119,true,26,4.6,210,product_052.png,"Photorealistic e-commerce product photo of Domyos Mata do Jogi (8 mm Granat), category Maty i akcesoria fitness. Single product only, centered on pure white seamless background, soft studio lighting, subtle realistic shadow, premium sports retail catalog style, high detail, no person, no packaging unless the product itself is packaging, no watermark, no extra text overlay. Save as product_052.png."
53,PS-053,silownia,Gumy i taśmy oporowe,Thorn+Fit,Power Band,Średnia Zielona,Power Band — realistyczny produkt demonstracyjny dla sklepu ProSport. Pozycja przygotowana do modułu rekomendacyjnego AI.,"guma oporowa,mobilność,rozgrzewka",band,#0CA678,49,,false,40,4.7,240,product_053.png,"Photorealistic e-commerce product photo of Thorn+Fit Power Band (Średnia Zielona), category Gumy i taśmy oporowe. Single product only, centered on pure white seamless background, soft studio lighting, subtle realistic shadow, premium sports retail catalog style, high detail, no person, no packaging unless the product itself is packaging, no watermark, no extra text overlay. Save as product_053.png."
54,PS-054,silownia,Kettlebell,Eb Fit,Kettlebell Żeliwny,12 kg,Kettlebell Żeliwny — realistyczny produkt demonstracyjny dla sklepu ProSport. Pozycja przygotowana do modułu rekomendacyjnego AI.,"kettlebell,siła,fitness",kettlebell,#0CA678,139,,false,14,4.7,120,product_054.png,"Photorealistic e-commerce product photo of Eb Fit Kettlebell Żeliwny (12 kg), category Kettlebell. Single product only, centered on pure white seamless background, soft studio lighting, subtle realistic shadow, premium sports retail catalog style, high detail, no person, no packaging unless the product itself is packaging, no watermark, no extra text overlay. Save as product_054.png."
55,PS-055,silownia,Sztangi i talerze,Bauer Fitness,Gryf Prosty,120 cm,Gryf Prosty — realistyczny produkt demonstracyjny dla sklepu ProSport. Pozycja przygotowana do modułu rekomendacyjnego AI.,"gryf,sztanga,siła",dumbbell,#0CA678,159,,false,10,4.6,84,product_055.png,"Photorealistic e-commerce product photo of Bauer Fitness Gryf Prosty (120 cm), category Sztangi i talerze. Single product only, centered on pure white seamless background, soft studio lighting, subtle realistic shadow, premium sports retail catalog style, high detail, no person, no packaging unless the product itself is packaging, no watermark, no extra text overlay. Save as product_055.png."
56,PS-056,silownia,Sprzęt treningowy,Domyos,Ławka Regulowana,Standard,Ławka Regulowana — realistyczny produkt demonstracyjny dla sklepu ProSport. Pozycja przygotowana do modułu rekomendacyjnego AI.,"ławka,siłownia,dom",dumbbell,#0CA678,699,,false,5,4.8,66,product_056.png,"Photorealistic e-commerce product photo of Domyos Ławka Regulowana (Standard), category Sprzęt treningowy. Single product only, centered on pure white seamless background, soft studio lighting, subtle realistic shadow, premium sports retail catalog style, high detail, no person, no packaging unless the product itself is packaging, no watermark, no extra text overlay. Save as product_056.png."
57,PS-057,silownia,Hantle,Eb Fit,Hantla Gumowana Heksagonalna,5 kg,Hantla Gumowana Heksagonalna — realistyczny produkt demonstracyjny dla sklepu ProSport. Pozycja przygotowana do modułu rekomendacyjnego AI.,"hantle,fitness,siła",dumbbell,#0CA678,89,,false,22,4.7,145,product_057.png,"Photorealistic e-commerce product photo of Eb Fit Hantla Gumowana Heksagonalna (5 kg), category Hantle. Single product only, centered on pure white seamless background, soft studio lighting, subtle realistic shadow, premium sports retail catalog style, high detail, no person, no packaging unless the product itself is packaging, no watermark, no extra text overlay. Save as product_057.png."
58,PS-058,silownia,Kettlebell,Thorn+Fit,Competition Kettlebell,16 kg,Competition Kettlebell — realistyczny produkt demonstracyjny dla sklepu ProSport. Pozycja przygotowana do modułu rekomendacyjnego AI.,"kettlebell,competition,siła",kettlebell,#0CA678,239,,false,8,4.8,91,product_058.png,"Photorealistic e-commerce product photo of Thorn+Fit Competition Kettlebell (16 kg), category Kettlebell. Single product only, centered on pure white seamless background, soft studio lighting, subtle realistic shadow, premium sports retail catalog style, high detail, no person, no packaging unless the product itself is packaging, no watermark, no extra text overlay. Save as product_058.png."
59,PS-059,silownia,Maty i akcesoria fitness,Manduka,PRO Mat,6 mm Czerń,PRO Mat — realistyczny produkt demonstracyjny dla sklepu ProSport. Pozycja przygotowana do modułu rekomendacyjnego AI.,"mata,joga,premium",mat,#0CA678,429,,false,7,4.9,122,product_059.png,"Photorealistic e-commerce product photo of Manduka PRO Mat (6 mm Czerń), category Maty i akcesoria fitness. Single product only, centered on pure white seamless background, soft studio lighting, subtle realistic shadow, premium sports retail catalog style, high detail, no person, no packaging unless the product itself is packaging, no watermark, no extra text overlay. Save as product_059.png."
60,PS-060,silownia,Gumy i taśmy oporowe,Domyos,Mini Band Set,Zestaw 3 szt.,Mini Band Set — realistyczny produkt demonstracyjny dla sklepu ProSport. Pozycja przygotowana do modułu rekomendacyjnego AI.,"mini band,fitness,rehabilitacja",band,#0CA678,39,69,true,45,4.5,310,product_060.png,"Photorealistic e-commerce product photo of Domyos Mini Band Set (Zestaw 3 szt.), category Gumy i taśmy oporowe. Single product only, centered on pure white seamless background, soft studio lighting, subtle realistic shadow, premium sports retail catalog style, high detail, no person, no packaging unless the product itself is packaging, no watermark, no extra text overlay. Save as product_060.png."
61,PS-061,silownia,Sprzęt treningowy,Eb Fit,Drążek do Podciągania,Czerń,Drążek do Podciągania — realistyczny produkt demonstracyjny dla sklepu ProSport. Pozycja przygotowana do modułu rekomendacyjnego AI.,"drążek,dom,plecy",dumbbell,#0CA678,129,,false,18,4.6,155,product_061.png,"Photorealistic e-commerce product photo of Eb Fit Drążek do Podciągania (Czerń), category Sprzęt treningowy. Single product only, centered on pure white seamless background, soft studio lighting, subtle realistic shadow, premium sports retail catalog style, high detail, no person, no packaging unless the product itself is packaging, no watermark, no extra text overlay. Save as product_061.png."
62,PS-062,silownia,Sztangi i talerze,York Fitness,Talerz Olimpijski,10 kg,Talerz Olimpijski — realistyczny produkt demonstracyjny dla sklepu ProSport. Pozycja przygotowana do modułu rekomendacyjnego AI.,"talerze,obciążenie,siła",dumbbell,#0CA678,179,,false,20,4.7,98,product_062.png,"Photorealistic e-commerce product photo of York Fitness Talerz Olimpijski (10 kg), category Sztangi i talerze. Single product only, centered on pure white seamless background, soft studio lighting, subtle realistic shadow, premium sports retail catalog style, high detail, no person, no packaging unless the product itself is packaging, no watermark, no extra text overlay. Save as product_062.png."
63,PS-063,silownia,Hantle,Domyos,Hantla Winylowa,2 kg Fiolet,Hantla Winylowa — realistyczny produkt demonstracyjny dla sklepu ProSport. Pozycja przygotowana do modułu rekomendacyjnego AI.,"hantle,fitness,lekki trening",dumbbell,#0CA678,39,,false,36,4.5,220,product_063.png,"Photorealistic e-commerce product photo of Domyos Hantla Winylowa (2 kg Fiolet), category Hantle. Single product only, centered on pure white seamless background, soft studio lighting, subtle realistic shadow, premium sports retail catalog style, high detail, no person, no packaging unless the product itself is packaging, no watermark, no extra text overlay. Save as product_063.png."
64,PS-064,silownia,Kettlebell,Bauer Fitness,Kettlebell Gumowany,20 kg,Kettlebell Gumowany — realistyczny produkt demonstracyjny dla sklepu ProSport. Pozycja przygotowana do modułu rekomendacyjnego AI.,"kettlebell,siła,dom",kettlebell,#0CA678,269,,false,7,4.8,70,product_064.png,"Photorealistic e-commerce product photo of Bauer Fitness Kettlebell Gumowany (20 kg), category Kettlebell. Single product only, centered on pure white seamless background, soft studio lighting, subtle realistic shadow, premium sports retail catalog style, high detail, no person, no packaging unless the product itself is packaging, no watermark, no extra text overlay. Save as product_064.png."
65,PS-065,silownia,Maty i akcesoria fitness,Reebok,Mata Treningowa,10 mm Szary,Mata Treningowa — realistyczny produkt demonstracyjny dla sklepu ProSport. Pozycja przygotowana do modułu rekomendacyjnego AI.,"mata,fitness,trening",mat,#0CA678,119,,false,18,4.6,100,product_065.png,"Photorealistic e-commerce product photo of Reebok Mata Treningowa (10 mm Szary), category Maty i akcesoria fitness. Single product only, centered on pure white seamless background, soft studio lighting, subtle realistic shadow, premium sports retail catalog style, high detail, no person, no packaging unless the product itself is packaging, no watermark, no extra text overlay. Save as product_065.png."
66,PS-066,silownia,Gumy i taśmy oporowe,4F,Zestaw Gum Oporowych,5 szt.,Zestaw Gum Oporowych — realistyczny produkt demonstracyjny dla sklepu ProSport. Pozycja przygotowana do modułu rekomendacyjnego AI.,"guma oporowa,zestaw,mobilność",band,#0CA678,69,99,true,30,4.5,130,product_066.png,"Photorealistic e-commerce product photo of 4F Zestaw Gum Oporowych (5 szt.), category Gumy i taśmy oporowe. Single product only, centered on pure white seamless background, soft studio lighting, subtle realistic shadow, premium sports retail catalog style, high detail, no person, no packaging unless the product itself is packaging, no watermark, no extra text overlay. Save as product_066.png."
67,PS-067,silownia,Sprzęt treningowy,Thorn+Fit,Trener Zawieszany,Pro,Trener Zawieszany — realistyczny produkt demonstracyjny dla sklepu ProSport. Pozycja przygotowana do modułu rekomendacyjnego AI.,"trx,funkcjonalny,dom",dumbbell,#0CA678,249,,false,8,4.7,75,product_067.png,"Photorealistic e-commerce product photo of Thorn+Fit Trener Zawieszany (Pro), category Sprzęt treningowy. Single product only, centered on pure white seamless background, soft studio lighting, subtle realistic shadow, premium sports retail catalog style, high detail, no person, no packaging unless the product itself is packaging, no watermark, no extra text overlay. Save as product_067.png."
68,PS-068,silownia,Sztangi i talerze,Hammer,Talerz Gumowany,20 kg,Talerz Gumowany — realistyczny produkt demonstracyjny dla sklepu ProSport. Pozycja przygotowana do modułu rekomendacyjnego AI.,"talerze,obciążenie,siłownia",dumbbell,#0CA678,299,,false,12,4.8,62,product_068.png,"Photorealistic e-commerce product photo of Hammer Talerz Gumowany (20 kg), category Sztangi i talerze. Single product only, centered on pure white seamless background, soft studio lighting, subtle realistic shadow, premium sports retail catalog style, high detail, no person, no packaging unless the product itself is packaging, no watermark, no extra text overlay. Save as product_068.png."
69,PS-069,silownia,Hantle,Hammer,Hantla Neopren,3 kg Turkus,Hantla Neopren — realistyczny produkt demonstracyjny dla sklepu ProSport. Pozycja przygotowana do modułu rekomendacyjnego AI.,"hantle,fitness,neopren",dumbbell,#0CA678,49,,false,32,4.5,175,product_069.png,"Photorealistic e-commerce product photo of Hammer Hantla Neopren (3 kg Turkus), category Hantle. Single product only, centered on pure white seamless background, soft studio lighting, subtle realistic shadow, premium sports retail catalog style, high detail, no person, no packaging unless the product itself is packaging, no watermark, no extra text overlay. Save as product_069.png."
70,PS-070,silownia,Kettlebell,Domyos,Kettlebell Kompaktowy,8 kg,Kettlebell Kompaktowy — realistyczny produkt demonstracyjny dla sklepu ProSport. Pozycja przygotowana do modułu rekomendacyjnego AI.,"kettlebell,fitness,dom",kettlebell,#0CA678,99,,false,17,4.6,140,product_070.png,"Photorealistic e-commerce product photo of Domyos Kettlebell Kompaktowy (8 kg), category Kettlebell. Single product only, centered on pure white seamless background, soft studio lighting, subtle realistic shadow, premium sports retail catalog style, high detail, no person, no packaging unless the product itself is packaging, no watermark, no extra text overlay. Save as product_070.png."
71,PS-071,silownia,Maty i akcesoria fitness,Adidas,Mata do Ćwiczeń,8 mm Koral,Mata do Ćwiczeń — realistyczny produkt demonstracyjny dla sklepu ProSport. Pozycja przygotowana do modułu rekomendacyjnego AI.,"mata,ćwiczenia,fitness",mat,#0CA678,109,,false,16,4.6,82,product_071.png,"Photorealistic e-commerce product photo of Adidas Mata do Ćwiczeń (8 mm Koral), category Maty i akcesoria fitness. Single product only, centered on pure white seamless background, soft studio lighting, subtle realistic shadow, premium sports retail catalog style, high detail, no person, no packaging unless the product itself is packaging, no watermark, no extra text overlay. Save as product_071.png."
72,PS-072,silownia,Gumy i taśmy oporowe,Eb Fit,Taśma Oporowa,Mocna Niebieska,Taśma Oporowa — realistyczny produkt demonstracyjny dla sklepu ProSport. Pozycja przygotowana do modułu rekomendacyjnego AI.,"taśma,oporowa,rozgrzewka",band,#0CA678,29,,false,50,4.4,260,product_072.png,"Photorealistic e-commerce product photo of Eb Fit Taśma Oporowa (Mocna Niebieska), category Gumy i taśmy oporowe. Single product only, centered on pure white seamless background, soft studio lighting, subtle realistic shadow, premium sports retail catalog style, high detail, no person, no packaging unless the product itself is packaging, no watermark, no extra text overlay. Save as product_072.png."
73,PS-073,silownia,Sprzęt treningowy,Tunturi,Piłka Gimnastyczna,65 cm,Piłka Gimnastyczna — realistyczny produkt demonstracyjny dla sklepu ProSport. Pozycja przygotowana do modułu rekomendacyjnego AI.,"piłka,core,fitness",ball,#0CA678,79,,false,21,4.5,105,product_073.png,"Photorealistic e-commerce product photo of Tunturi Piłka Gimnastyczna (65 cm), category Sprzęt treningowy. Single product only, centered on pure white seamless background, soft studio lighting, subtle realistic shadow, premium sports retail catalog style, high detail, no person, no packaging unless the product itself is packaging, no watermark, no extra text overlay. Save as product_073.png."
74,PS-074,silownia,Sprzęt treningowy,Eb Fit,Roller do Masażu,Czerń,Roller do Masażu — realistyczny produkt demonstracyjny dla sklepu ProSport. Pozycja przygotowana do modułu rekomendacyjnego AI.,"roller,regeneracja,mobilność",mat,#0CA678,59,,false,26,4.6,190,product_074.png,"Photorealistic e-commerce product photo of Eb Fit Roller do Masażu (Czerń), category Sprzęt treningowy. Single product only, centered on pure white seamless background, soft studio lighting, subtle realistic shadow, premium sports retail catalog style, high detail, no person, no packaging unless the product itself is packaging, no watermark, no extra text overlay. Save as product_074.png."
75,PS-075,silownia,Sprzęt treningowy,Domyos,Skakanka Szybka,Pro,Skakanka Szybka — realistyczny produkt demonstracyjny dla sklepu ProSport. Pozycja przygotowana do modułu rekomendacyjnego AI.,"skakanka,cardio,trening",band,#0CA678,49,79,true,38,4.5,230,product_075.png,"Photorealistic e-commerce product photo of Domyos Skakanka Szybka (Pro), category Sprzęt treningowy. Single product only, centered on pure white seamless background, soft studio lighting, subtle realistic shadow, premium sports retail catalog style, high detail, no person, no packaging unless the product itself is packaging, no watermark, no extra text overlay. Save as product_075.png."
76,PS-076,akcesoria,Odżywki białkowe,Olimp,Whey Protein Complex 100%,700 g Czekolada,Whey Protein Complex 100% — realistyczny produkt demonstracyjny dla sklepu ProSport. Pozycja przygotowana do modułu rekomendacyjnego AI.,"białko,whey,suplement",supplement,#7048E8,119,159,true,22,4.8,350,product_076.png,"Photorealistic e-commerce product photo of Olimp Whey Protein Complex 100% (700 g Czekolada), category Odżywki białkowe. Single product only, centered on pure white seamless background, soft studio lighting, subtle realistic shadow, premium sports retail catalog style, high detail, no person, no packaging unless the product itself is packaging, no watermark, no extra text overlay. Save as product_076.png."
77,PS-077,akcesoria,Bidony i shakery,Nike,HyperFuel Bottle,700 ml Czerń,HyperFuel Bottle — realistyczny produkt demonstracyjny dla sklepu ProSport. Pozycja przygotowana do modułu rekomendacyjnego AI.,"bidon,trening,nawodnienie",bottle,#7048E8,59,,false,35,4.5,190,product_077.png,"Photorealistic e-commerce product photo of Nike HyperFuel Bottle (700 ml Czerń), category Bidony i shakery. Single product only, centered on pure white seamless background, soft studio lighting, subtle realistic shadow, premium sports retail catalog style, high detail, no person, no packaging unless the product itself is packaging, no watermark, no extra text overlay. Save as product_077.png."
78,PS-078,akcesoria,Zegarki sportowe,Garmin,Forerunner 55,Czerń,Forerunner 55 — realistyczny produkt demonstracyjny dla sklepu ProSport. Pozycja przygotowana do modułu rekomendacyjnego AI.,"zegarek,bieganie,GPS",watch,#7048E8,799,,false,7,4.8,210,product_078.png,"Photorealistic e-commerce product photo of Garmin Forerunner 55 (Czerń), category Zegarki sportowe. Single product only, centered on pure white seamless background, soft studio lighting, subtle realistic shadow, premium sports retail catalog style, high detail, no person, no packaging unless the product itself is packaging, no watermark, no extra text overlay. Save as product_078.png."
79,PS-079,akcesoria,Plecaki i torby,Adidas,Training Duffel Bag,Granat,Training Duffel Bag — realistyczny produkt demonstracyjny dla sklepu ProSport. Pozycja przygotowana do modułu rekomendacyjnego AI.,"torba,siłownia,sport",bag,#7048E8,159,,false,14,4.6,140,product_079.png,"Photorealistic e-commerce product photo of Adidas Training Duffel Bag (Granat), category Plecaki i torby. Single product only, centered on pure white seamless background, soft studio lighting, subtle realistic shadow, premium sports retail catalog style, high detail, no person, no packaging unless the product itself is packaging, no watermark, no extra text overlay. Save as product_079.png."
80,PS-080,akcesoria,Piłki sportowe,Adidas,Tiro League Ball,Rozmiar 5,Tiro League Ball — realistyczny produkt demonstracyjny dla sklepu ProSport. Pozycja przygotowana do modułu rekomendacyjnego AI.,"piłka,football,trening",ball,#7048E8,129,,false,18,4.6,170,product_080.png,"Photorealistic e-commerce product photo of Adidas Tiro League Ball (Rozmiar 5), category Piłki sportowe. Single product only, centered on pure white seamless background, soft studio lighting, subtle realistic shadow, premium sports retail catalog style, high detail, no person, no packaging unless the product itself is packaging, no watermark, no extra text overlay. Save as product_080.png."
81,PS-081,akcesoria,Odżywki białkowe,Trec,Whey 100,900 g Wanilia,Whey 100 — realistyczny produkt demonstracyjny dla sklepu ProSport. Pozycja przygotowana do modułu rekomendacyjnego AI.,"białko,whey,suplement",supplement,#7048E8,109,,false,24,4.6,260,product_081.png,"Photorealistic e-commerce product photo of Trec Whey 100 (900 g Wanilia), category Odżywki białkowe. Single product only, centered on pure white seamless background, soft studio lighting, subtle realistic shadow, premium sports retail catalog style, high detail, no person, no packaging unless the product itself is packaging, no watermark, no extra text overlay. Save as product_081.png."
82,PS-082,akcesoria,Kreatyna,Olimp,Creatine Monohydrate,300 g,Creatine Monohydrate — realistyczny produkt demonstracyjny dla sklepu ProSport. Pozycja przygotowana do modułu rekomendacyjnego AI.,"kreatyna,siła,suplement",supplement,#7048E8,69,109,true,30,4.7,310,product_082.png,"Photorealistic e-commerce product photo of Olimp Creatine Monohydrate (300 g), category Kreatyna. Single product only, centered on pure white seamless background, soft studio lighting, subtle realistic shadow, premium sports retail catalog style, high detail, no person, no packaging unless the product itself is packaging, no watermark, no extra text overlay. Save as product_082.png."
83,PS-083,akcesoria,Rękawiczki treningowe,4F,Rękawiczki Fitness,Czerń M,Rękawiczki Fitness — realistyczny produkt demonstracyjny dla sklepu ProSport. Pozycja przygotowana do modułu rekomendacyjnego AI.,"rękawiczki,siłownia,chwyt",bag,#7048E8,49,,false,28,4.4,85,product_083.png,"Photorealistic e-commerce product photo of 4F Rękawiczki Fitness (Czerń M), category Rękawiczki treningowe. Single product only, centered on pure white seamless background, soft studio lighting, subtle realistic shadow, premium sports retail catalog style, high detail, no person, no packaging unless the product itself is packaging, no watermark, no extra text overlay. Save as product_083.png."
84,PS-084,akcesoria,Plecaki i torby,Nike,Brasilia Backpack,Czerń,Brasilia Backpack — realistyczny produkt demonstracyjny dla sklepu ProSport. Pozycja przygotowana do modułu rekomendacyjnego AI.,"plecak,sport,trening",bag,#7048E8,179,,false,16,4.7,220,product_084.png,"Photorealistic e-commerce product photo of Nike Brasilia Backpack (Czerń), category Plecaki i torby. Single product only, centered on pure white seamless background, soft studio lighting, subtle realistic shadow, premium sports retail catalog style, high detail, no person, no packaging unless the product itself is packaging, no watermark, no extra text overlay. Save as product_084.png."
85,PS-085,akcesoria,Zegarki sportowe,Polar,Pacer,Biel,Pacer — realistyczny produkt demonstracyjny dla sklepu ProSport. Pozycja przygotowana do modułu rekomendacyjnego AI.,"zegarek,GPS,bieganie",watch,#7048E8,899,,false,5,4.7,110,product_085.png,"Photorealistic e-commerce product photo of Polar Pacer (Biel), category Zegarki sportowe. Single product only, centered on pure white seamless background, soft studio lighting, subtle realistic shadow, premium sports retail catalog style, high detail, no person, no packaging unless the product itself is packaging, no watermark, no extra text overlay. Save as product_085.png."
86,PS-086,akcesoria,Bidony i shakery,Olimp,SmartShake,600 ml Żółty,SmartShake — realistyczny produkt demonstracyjny dla sklepu ProSport. Pozycja przygotowana do modułu rekomendacyjnego AI.,"shaker,suplementy,trening",bottle,#7048E8,39,,false,42,4.5,180,product_086.png,"Photorealistic e-commerce product photo of Olimp SmartShake (600 ml Żółty), category Bidony i shakery. Single product only, centered on pure white seamless background, soft studio lighting, subtle realistic shadow, premium sports retail catalog style, high detail, no person, no packaging unless the product itself is packaging, no watermark, no extra text overlay. Save as product_086.png."
87,PS-087,akcesoria,Piłki sportowe,Wilson,NBA Authentic Outdoor,Rozmiar 7,NBA Authentic Outdoor — realistyczny produkt demonstracyjny dla sklepu ProSport. Pozycja przygotowana do modułu rekomendacyjnego AI.,"koszykówka,piłka,outdoor",ball,#7048E8,149,,false,12,4.7,115,product_087.png,"Photorealistic e-commerce product photo of Wilson NBA Authentic Outdoor (Rozmiar 7), category Piłki sportowe. Single product only, centered on pure white seamless background, soft studio lighting, subtle realistic shadow, premium sports retail catalog style, high detail, no person, no packaging unless the product itself is packaging, no watermark, no extra text overlay. Save as product_087.png."
88,PS-088,akcesoria,Odżywki białkowe,Optimum Nutrition,Gold Standard Whey,908 g Truskawka,Gold Standard Whey — realistyczny produkt demonstracyjny dla sklepu ProSport. Pozycja przygotowana do modułu rekomendacyjnego AI.,"białko,whey,premium",supplement,#7048E8,159,,false,18,4.8,500,product_088.png,"Photorealistic e-commerce product photo of Optimum Nutrition Gold Standard Whey (908 g Truskawka), category Odżywki białkowe. Single product only, centered on pure white seamless background, soft studio lighting, subtle realistic shadow, premium sports retail catalog style, high detail, no person, no packaging unless the product itself is packaging, no watermark, no extra text overlay. Save as product_088.png."
89,PS-089,akcesoria,Przedtreningówki,Trec,Boogieman Pre-Workout,300 g,Boogieman Pre-Workout — realistyczny produkt demonstracyjny dla sklepu ProSport. Pozycja przygotowana do modułu rekomendacyjnego AI.,"preworkout,energia,suplement",supplement,#7048E8,89,,false,14,4.5,95,product_089.png,"Photorealistic e-commerce product photo of Trec Boogieman Pre-Workout (300 g), category Przedtreningówki. Single product only, centered on pure white seamless background, soft studio lighting, subtle realistic shadow, premium sports retail catalog style, high detail, no person, no packaging unless the product itself is packaging, no watermark, no extra text overlay. Save as product_089.png."
90,PS-090,akcesoria,Plecaki i torby,Puma,Phase Sports Bag,Czerń,Phase Sports Bag — realistyczny produkt demonstracyjny dla sklepu ProSport. Pozycja przygotowana do modułu rekomendacyjnego AI.,"torba,sport,siłownia",bag,#7048E8,119,159,true,20,4.5,90,product_090.png,"Photorealistic e-commerce product photo of Puma Phase Sports Bag (Czerń), category Plecaki i torby. Single product only, centered on pure white seamless background, soft studio lighting, subtle realistic shadow, premium sports retail catalog style, high detail, no person, no packaging unless the product itself is packaging, no watermark, no extra text overlay. Save as product_090.png."
91,PS-091,akcesoria,Akcesoria treningowe,Nike,Lean Arm Band,Czerń,Lean Arm Band — realistyczny produkt demonstracyjny dla sklepu ProSport. Pozycja przygotowana do modułu rekomendacyjnego AI.,"opaska,telefon,bieganie",bag,#7048E8,79,,false,18,4.4,70,product_091.png,"Photorealistic e-commerce product photo of Nike Lean Arm Band (Czerń), category Akcesoria treningowe. Single product only, centered on pure white seamless background, soft studio lighting, subtle realistic shadow, premium sports retail catalog style, high detail, no person, no packaging unless the product itself is packaging, no watermark, no extra text overlay. Save as product_091.png."
92,PS-092,akcesoria,Zegarki sportowe,Suunto,5 Peak,Grafit,5 Peak — realistyczny produkt demonstracyjny dla sklepu ProSport. Pozycja przygotowana do modułu rekomendacyjnego AI.,"zegarek,outdoor,GPS",watch,#7048E8,1199,,false,3,4.8,65,product_092.png,"Photorealistic e-commerce product photo of Suunto 5 Peak (Grafit), category Zegarki sportowe. Single product only, centered on pure white seamless background, soft studio lighting, subtle realistic shadow, premium sports retail catalog style, high detail, no person, no packaging unless the product itself is packaging, no watermark, no extra text overlay. Save as product_092.png."
93,PS-093,akcesoria,Bidony i shakery,CamelBak,Podium Bottle,620 ml Niebieski,Podium Bottle — realistyczny produkt demonstracyjny dla sklepu ProSport. Pozycja przygotowana do modułu rekomendacyjnego AI.,"bidon,rower,nawodnienie",bottle,#7048E8,69,,false,26,4.7,210,product_093.png,"Photorealistic e-commerce product photo of CamelBak Podium Bottle (620 ml Niebieski), category Bidony i shakery. Single product only, centered on pure white seamless background, soft studio lighting, subtle realistic shadow, premium sports retail catalog style, high detail, no person, no packaging unless the product itself is packaging, no watermark, no extra text overlay. Save as product_093.png."
94,PS-094,akcesoria,Piłki sportowe,Mikasa,V200W Volleyball,Rozmiar 5,V200W Volleyball — realistyczny produkt demonstracyjny dla sklepu ProSport. Pozycja przygotowana do modułu rekomendacyjnego AI.,"siatkówka,piłka,hala",ball,#7048E8,249,,false,8,4.8,88,product_094.png,"Photorealistic e-commerce product photo of Mikasa V200W Volleyball (Rozmiar 5), category Piłki sportowe. Single product only, centered on pure white seamless background, soft studio lighting, subtle realistic shadow, premium sports retail catalog style, high detail, no person, no packaging unless the product itself is packaging, no watermark, no extra text overlay. Save as product_094.png."
95,PS-095,akcesoria,Odżywki białkowe,MyProtein,Impact Whey Protein,1 kg Natural,Impact Whey Protein — realistyczny produkt demonstracyjny dla sklepu ProSport. Pozycja przygotowana do modułu rekomendacyjnego AI.,"białko,whey,suplement",supplement,#7048E8,99,,false,28,4.6,420,product_095.png,"Photorealistic e-commerce product photo of MyProtein Impact Whey Protein (1 kg Natural), category Odżywki białkowe. Single product only, centered on pure white seamless background, soft studio lighting, subtle realistic shadow, premium sports retail catalog style, high detail, no person, no packaging unless the product itself is packaging, no watermark, no extra text overlay. Save as product_095.png."
96,PS-096,akcesoria,Plecaki i torby,Under Armour,Undeniable Duffel,Czerń/Szary,Undeniable Duffel — realistyczny produkt demonstracyjny dla sklepu ProSport. Pozycja przygotowana do modułu rekomendacyjnego AI.,"torba,siłownia,trening",bag,#7048E8,199,239,true,12,4.7,150,product_096.png,"Photorealistic e-commerce product photo of Under Armour Undeniable Duffel (Czerń/Szary), category Plecaki i torby. Single product only, centered on pure white seamless background, soft studio lighting, subtle realistic shadow, premium sports retail catalog style, high detail, no person, no packaging unless the product itself is packaging, no watermark, no extra text overlay. Save as product_096.png."
97,PS-097,akcesoria,Akcesoria treningowe,Adidas,Performance Gloves,Czerń L,Performance Gloves — realistyczny produkt demonstracyjny dla sklepu ProSport. Pozycja przygotowana do modułu rekomendacyjnego AI.,"rękawiczki,trening,chwyt",bag,#7048E8,69,,false,24,4.5,120,product_097.png,"Photorealistic e-commerce product photo of Adidas Performance Gloves (Czerń L), category Akcesoria treningowe. Single product only, centered on pure white seamless background, soft studio lighting, subtle realistic shadow, premium sports retail catalog style, high detail, no person, no packaging unless the product itself is packaging, no watermark, no extra text overlay. Save as product_097.png."
98,PS-098,akcesoria,Zegarki sportowe,Coros,Pace 3,Biel,Pace 3 — realistyczny produkt demonstracyjny dla sklepu ProSport. Pozycja przygotowana do modułu rekomendacyjnego AI.,"zegarek,bieganie,GPS",watch,#7048E8,999,,false,4,4.8,92,product_098.png,"Photorealistic e-commerce product photo of Coros Pace 3 (Biel), category Zegarki sportowe. Single product only, centered on pure white seamless background, soft studio lighting, subtle realistic shadow, premium sports retail catalog style, high detail, no person, no packaging unless the product itself is packaging, no watermark, no extra text overlay. Save as product_098.png."
99,PS-099,akcesoria,Akcesoria treningowe,Nike,Headband Swoosh,Biel,Headband Swoosh — realistyczny produkt demonstracyjny dla sklepu ProSport. Pozycja przygotowana do modułu rekomendacyjnego AI.,"opaska,pot,tenis",band,#7048E8,39,,false,34,4.4,160,product_099.png,"Photorealistic e-commerce product photo of Nike Headband Swoosh (Biel), category Akcesoria treningowe. Single product only, centered on pure white seamless background, soft studio lighting, subtle realistic shadow, premium sports retail catalog style, high detail, no person, no packaging unless the product itself is packaging, no watermark, no extra text overlay. Save as product_099.png."
100,PS-100,akcesoria,Bidony i shakery,Hydro Flask,Sport Bottle,710 ml Oliwka,Sport Bottle — realistyczny produkt demonstracyjny dla sklepu ProSport. Pozycja przygotowana do modułu rekomendacyjnego AI.,"bidon,termo,outdoor",bottle,#7048E8,149,,false,13,4.7,105,product_100.png,"Photorealistic e-commerce product photo of Hydro Flask Sport Bottle (710 ml Oliwka), category Bidony i shakery. Single product only, centered on pure white seamless background, soft studio lighting, subtle realistic shadow, premium sports retail catalog style, high detail, no person, no packaging unless the product itself is packaging, no watermark, no extra text overlay. Save as product_100.png."
